{"cameraMode":{"drawMode":0,"name":"Shaded","section":"Shading Mode"},"sceneLighting":true,"audioPlay":false,"sceneViewState":{"showFog":true,"showMaterialUpdate":false,"showSkybox":true,"showFlares":true,"showImageEffects":true,"showParticleSystems":true},"in2DMode":false,"pivot":{"x":7.71296501159668,"y":-0.05449199676513672,"z":-1.3579509258270264},"rotation":{"x":-0.13506175577640534,"y":-0.761722981929779,"z":0.16868916153907777,"w":-0.6108435988426209},"size":2.2197580337524416,"orthographic":false}